,questions,documents,answers,explanations
0,"Können Masken die Anzahl an Corona-Infektionen verringern, wenn sie von einem großen Teil der Bevölkerung getragen werden?","Studien zeigen gebremste Ausbreitung  Nach drei Jahren Pandemie gibt es mittlerweile relativ aussagekräftige Daten dazu, dass Masken die Ausbreitung des Corona-Virus bremsen können. OP-Masken wiederum scheinen das Risiko so gut wie nicht zu senken, sich selbst mit dem Coronavirus anzustecken.",yes,"Internationale Studien legen nahe, dass die Zahl an Corona-Infektionen sinkt, wenn viele Menschen Masken tragen – egal ob Stoff-, OP- oder FFP2-Masken. Wie groß der Schutzeffekt tatsächlich ist, lässt sich aber nicht genau beziffern. Er hängt vermutlich von der Art der Masken und dem Anteil der Menschen ab, die sie tragen."
1,Können homöopathische Präparate mit Anamirta cocculus gegen Schwindel helfen?,"Doch ohne Erfolg: Aussagekräftige wissenschaftliche Belege für eine Wirksamkeit bei Schwindel konnten wir keine finden. Es ist inzwischen gut durch Studien belegt, dass homöopathische Präparate in der Regel nicht besser wirken als ein Scheinmedikament (Placebo) [8] . Allerdings ist nicht gut belegt, dass Betahistin wirksam gegen Schwindel ist [11,13] . Dass Betahistin bei Schwindel hilft, ist nicht gut belegt [11, 13] .",unknown,"Wir haben nur eine einzige Studie gefunden, die das untersucht hat. Die ist allerdings so mangelhaft, dass keine verlässliche Aussage möglich ist."
2,Kann Zeolith Gesundheitsprobleme lindern oder diesen vorbeugen?,"Hinweise darauf kann jedoch keine davon liefern – denn die Studien besitzen keinerlei Aussagekraft (zur Begründung siehe Abschnitt Studien im Detail ). Einen Vorteil für Zeolith findet sie nicht – die Ergebnisse sind aber kaum aussagekräftig. Ob die regelmäßige Einnahme von Zeolith dadurch zu einem Nährstoffmangel führen kann oder eine unerwünschte Auswirkung auf die Verdauung hat, ist allerdings nicht erforscht.",unknown,"Bisherige Studien können keine Hinweise darauf geben, dass die Einnahme von Zeolith Beschwerden vorbeugt oder sie lindert. Eine entgiftende Wirkung ist wissenschaftlich nicht plausibel."
3,Schützt Paxlovid ungeimpfte Menschen mit Risikofaktoren vor einer schweren oder sogar tödlichen Covid-19-Erkrankung?,"Risikopatientinnen und -patienten ohne Coronaimpfung sind durch Paxlovid offenbar gut vor schweren bis tödlichen Verläufen geschützt. Allerdings lässt sich nicht sicher sagen, wie gut Paxlovid bei Menschen hilft, die bereits eine Coronaimpfung erhalten haben. Außerdem erfassten die Wissenschaftlerinnen und Wissenschaftler, ob Paxlovid die Covid-19-Symptome linderte, die Krankheitsdauer verkürzte und den Bedarf für medizinische Behandlungen senkte:   Bei der Hälfte der Teilnehmenden verbesserten sich die Symptome mit Paxlovid nach 13 Tagen, mit Placebo nach 15 Tagen. Mit Paxlovid benötigten innerhalb eines Monats 14 von 1000 Teilnehmenden eine medizinische Behandlung wegen Covid-19, mit Placebo 76 von 1000. Ob mit oder ohne Antikörper im Blut – grundsätzlich schützte Paxlovid alle Menschen vor einem schweren Verlauf.",yes,"In einer großen, gut gemachten Studie verhinderte Paxlovid Krankenhausaufenthalte und Todesfälle von Risikopatientinnen und -patienten. Sie waren ungeimpft und hatten sich mit der Delta-Variante angesteckt. Für Geimpfte lässt sich der Nutzen nicht verlässlich abschätzen. Das gilt auch für Menschen mit Immunschwäche."
4,"Verbessert ein späterer Schulbeginn Gesundheit, Lernerfolg und Lebensqualität bei Jugendlichen?","Allerdings müssen Teenager und Eltern jetzt ganz stark sein: Denn trotz 27 Studien an hunderttausenden Schülerinnen und Schülern lassen sich aus der Forschung keine eindeutigen Ergebnisse ableiten. Das Problem: Die Studien kommen meist zu widersprüchlichen Ergebnissen. Bis bessere Forschungsergebnisse vorliegen, bleibt allen geplagten Jugendlichen und Eltern also nur die Option, sich weiterhin früh aus dem Bett zu quälen – oder zu hoffen, dass die Schulleitung trotz fehlender Belege dennoch Einsehen hat. Ob sich ein späterer Schulbeginn positiv auswirkt, ist schwierig zu untersuchen. Die Probleme:   Unbekannte Einflussfaktoren: Treten in Vorher-Nachher-Studien Unterschiede auf, müssen diese nicht durch den späteren Schulbeginn bedingt sein – sie können auch durch andere Veränderungen im Lauf des Untersuchungszeitraums verursacht worden sein.",unknown,"Die Fragestellung ist in mehreren großen Studien untersucht worden. Wegen methodischer Mängel und widersprüchlicher Ergebnisse lassen sich daraus keine sicheren Schlussfolgerungen ziehen. Das heißt, die Wissenschaft kann sich aktuell weder für noch gegen einen Nutzen eines späteren Schulstarts aussprechen."
5,Hat die F.X.-Mayr-Kur gesundheitliche Vorteile? Kann sie Erkrankungen vorbeugen oder diese behandeln?,"Die Behauptung, die Methode könne bei verschiedenen Erkrankungen helfen, ist also wissenschaftlich nicht gerechtfertigt. Ob diese Veränderungen außerdem die Gesundheit beeinflussen, können diese Studien nicht beantworten. Ob die F.X.-Mayr-Kur oder anderen Fasten-Methoden auch langfristig die Gesundheit verbessern, lässt sich daraus aber nicht schließen.",unknown,"Es ist weder untersucht noch belegt, ob die spezielle Fasten-Methode nach F.X. Mayr hält, was sie verspricht: Nämlich Hilfe bei allen möglichen Erkrankungen von Allergien, über Rheuma bis Schlafstörungen. Die beworbene Entgiftung und „Entschlackung“ des Körpers durch die Fasten-Kur sind zudem wissenschaftlich nicht plausibel."
6,Beeinflusst der Verzehr von Soja-Lebensmittel oder Soja-Isoflavonen das Hautbild bei Akne?,"Für die Wirkung auf die Haut werden in beiden Fällen bestimmte Soja-Inhaltsstoffe verantwortlich gemacht: die Isoflavone. Dazu gibt es zwei konkurrierende Theorien, die sich widersprechen:  Nach der ersten Theorie bringen Isoflavone den Hormonhaushalt durcheinander und sollen auf diesem Weg Akne fördern. Erstaunlicherweise konnten wir trotz Suche in zwei großen Datenbanken keine Studie zu Soja-Produkten und Akne finden – egal ob Sojamilch, Sojasauce oder Tofu. Durch die Isoflavone verbesserte sich das Hautbild mehr als durch eine Anti-Akne-Creme mit Vitamin-A-Säure (Tretinoin). Fazit: Darauf, dass Soja Akne verschlimmert, gibt es derzeit keine Hinweise aus verlässlichen Studien.",unknown,"Zum Einfluss von Soja-Lebensmitteln auf Akne konnten wir gar keine aussagekräftigen Studien finden. Zu Soja-Isoflavonen haben wir zwei kleine Studien von fraglicher Qualität gefunden, die eine sehr spezielle Gruppe von Betroffenen untersucht haben. Soja-Isoflavone verbesserten dabei das Hautbild etwas. Verlässlich ist dieses Ergebnis aber nicht."
7,Hilft Extrakt aus der Damiana-Pflanze (Turnera diffusa) bei Erektionsstörungen?,Eine Wirksamkeit wurde offenbar weder untersucht noch belegt. Die Studien im Detail   Wir konnten keine Studien zu Damiana-Extrakt gegen Erektionsstörungen bei Männern finden. Auch Studien zum Produkt Neradin fehlen offenbar.,unknown,Der Extrakt aus der Damiana-Pflanze (Turnera diffusa) wird als Mittel gegen Erektionsstörungen für den Mann beworben. Belegt ist diese behauptete Wirkung auf die Potenz jedoch keineswegs. Denn an Menschen wurde sie offenbar nie untersucht. Das gilt auch für homöopathische Mittel wie das Produkt Neradin.
8,Ist das homöopathische Mittel Neradin wirksam bei Erektionsstörungen??,Keine Studien zu Neradin  Auch unsere Suche nach Studien zum Produkt Neradin blieb ergebnislos. Auch Studien zum Produkt Neradin fehlen offenbar.,unknown,Der Extrakt aus der Damiana-Pflanze (Turnera diffusa) wird als Mittel gegen Erektionsstörungen für den Mann beworben. Belegt ist diese behauptete Wirkung auf die Potenz jedoch keineswegs. Denn an Menschen wurde sie offenbar nie untersucht. Das gilt auch für homöopathische Mittel wie das Produkt Neradin.
9,Entdeckt ein regelmäßiger HPV-Test zusätzlich zum empfohlenen PAP-Abstrich mehr Krebsvorstufen als nur der PAP-Abstrich alleine?,"Den Studien zufolge entdeckt der HPV-Test über mehrere Jahre hinweg wahrscheinlich geringfügig mehr Vorstufen von Gebärmutterhalskrebs als der PAP-Abstrich alleine. Wir sind uns daher relativ sicher, dass mit einem zusätzlichen HPV-Test zumindest ein bisschen mehr Vorstufen von Gebärmutterkrebs entdeckt werden als nur mit dem PAP-Abstrich alleine.",yes,"Durch die regelmäßige Untersuchung des Gebärmutterhalses mittels PAP-Abstrich werden Vorstufen von Gebärmutterhalskrebs in den meisten Fällen rechtzeitig entdeckt. Das senkt das Risiko, an Gebärmutterhalskrebs zu erkranken. Ein zusätzlicher HPV-Test alle drei bis fünf Jahre kann die Vorsorgeuntersuchung noch verlässlicher machen. Der Unterschied dürfte allerdings nicht allzu groß sein."
10,"Kann Mönchspfeffer PMS-Beschwerden reduzieren? PMS ist die Abkürzung für das Prämenstruelle Syndrom. Damit sind Beschwerden gemeint, die in den Tagen vor der Menstruation auftreten.","Hinweis auf Wirksamkeit bei PMS  Bisherigen Studien zufolge könnte Mönchspfeffer bei PMS tatsächlich helfen. Die zusammengefassten Studienergebnisse deuten darauf hin, dass sich die Beschwerden mit Mönchspfeffer bei mehr Betroffenen verringern als mit einem Scheinmedikament (Placebo). Deshalb wäre es möglich, dass Mönchspfeffer gegen PMS-Symptome wie Brustspannen wirkt.",yes,"In den bisherigen Studien scheint Mönchspfeffer PMS-Beschwerden besser zu lindern als ein Scheinmedikament. Gut belegt ist das jedoch nicht, denn die Studien haben wesentliche Schwächen. Für eine Wirkung bei Zyklusstörungen gibt eine keine Belege. Aussagekräftige Studien fehlen."
11,Kann Olivenblätter-Extrakt zu hohen Blutdruck senken?,"Diese Studien geben also keine Auskunft darüber, ob Olivenblätter-Extrakt bei deutlich erhöhtem Blutdruck helfen kann. Ohne Erfolg jedoch: Wir konnten keine Studien finden, die die Wirkung von Olivenblätter-Extrakt auf die Herz-Kreislauf-Gesundheit untersucht haben. Eindeutige Antworten können die jedoch nicht liefern. Ob Olivenblätter-Extrakt bei deutlich erhöhtem Blutdruck besser oder schlechter wirken könnte, lässt sich also nicht sagen.",unknown,"Ob Extrakt aus Olivenblättern den Blutdruck senkt, wurde bisher in fünf geeigneten Studien untersucht. Sie alle fanden keinen oder einen geringen Effekt des Extrakts. Das Problem dabei: Die Teilnehmenden der Studie hatten meist nur leicht erhöhten Blutdruck. Wie Olivenblätter-Extrakt bei Personen mit deutlich erhöhtem Blutdruck (Hypertonie) wirkt, können sie nicht beantworten. Die Studien hatten zudem grobe Mängel, nur wenige Teilnehmende und liefen nur sehr kurz. Verlässliche Antworten können sie nicht liefern."
12,Verbessern Präparate aus Grünlippmuschel die Beschwerden bei Arthrose?,"Studien insgesamt nicht aussagekräftig  Das Fazit unserer Recherche: Wissenschaftliche Belege für die behauptete Wirkung fehlen. Unklar ist außerdem, ob die gemessenen positiven Effekten groß genug sind, um für Betroffene tatsächlich spürbar zu sein. Ob Grünlippmuschel bei Arthrose hilft oder nicht, lässt sich daher im Moment nicht sagen. Die Europäische Behörde für Lebensmittelsicherheit gelanget allerdings bereits 2009 zu der Auffassung, dass eine schützende Wirkung der Grünlippmuschel auf gesunde Gelenke nicht belegt ist. Aus den gefundenen Studien lassen sich unserer Einschätzung nach keine verlässlichen Schlüsse ziehen.",unknown,"Die Frage wurde in vier kleinen Studien mit schweren methodischen Mängeln untersucht, die zudem zu teils widersprüchlichen Ergebnissen kommen. Eindeutige Schlüsse lassen sich daraus nicht ziehen. Die Behauptung, Grünlippmuschel würde bei Arthrose helfen, ist wissenschaftlich nicht belegt."
13,Können Probiotika den Blutzucker bei Typ-2-Diabetes senken?,"Und wenn ja, können Probiotika diese Veränderung rückgängig machen und so den Blutzuckerspiegel wieder senken? Höchstens kleiner Effekt  Möglicherweise können sie das tatsächlich. Die Wirkung der Kapseln und Tabletten scheint allerdings nicht groß zu sein: In den bisherigen Studien konnten sie den Langzeitzuckerwert HbA1c um durchschnittlich 0,55 Punkte senken.",yes,"Die zusammengefassten Ergebnisse bisheriger Studien deuten an, dass Probiotika in Kapsel- oder Tablettenform den Blutzucker etwas senken könnten. Zumindest, wenn sie über einen Zeitraum von zwei bis drei Monaten eingenommen werden. Gut abgesichert ist der Effekt allerdings nicht. Probiotische Milchprodukte und Probiotika-Pulver zum Auflösen scheinen keine nachweisbare Wirkung zu haben."
14,Kann die sogenannte Tupler-Technik gegen Rektusdiastase helfen?,"Keine Studien zur Tupler-Technik  So intensiv wir auch suchten, die versprochenen Studien zur Tupler-Technik konnten wir nicht finden. Die Behauptung, es handle sich um eine wissenschaftlich belegte Therapie bei Rektusdiastase ist somit schlichtweg falsch. Die Studien im Detail   Wir fanden keine Studien, die die Wirksamkeit der Tupler-Technik zur Behandlung von Rektusdiastase untersuchten.",unknown,"Wir konnten keine einzige Studie finden, die untersucht haben, ob die Tupler-Technik tatsächlich funktioniert. Und das, obwohl Anbieter der Methode damit werben, ihre Wirksamkeit sei wissenschaftlich belegt."
15,Kann CBD (Cannabidiol) bei Migräne oder anderen Kopfschmerzen helfen?,"Offenbar wurde nie untersucht, ob CBD bei Migräne-Anfällen helfen kann. Die Behauptung, CBD würde bei Migräne oder Kopfschmerzen helfen, ist also reine Spekulation. Die Studien im Detail   Trotz umfangreicher Suche in drei Datenbanken konnten wir keine Studien zu CBD gegen Migräne oder andere Arten von Kopfschmerzen finden, weder zur Behandlung noch zur Vorbeugung.",unknown,"Es gibt keine Studien, die die Wirksamkeit von CBD gegen Migräne untersucht haben. Behauptungen, CBD könne bei Migräne-Anfällen helfen oder diesen vorbeugen, haben also keine wissenschaftliche Grundlage. Das gilt auch für andere Arten von Kopfschmerz."
16,Kann eine Laser-Bestrahlung von Blut mittels Infusionsnadel (Hämolaser-Behandlung) Beschwerden lindern oder bei Krankheiten helfen?,"Unklar ist auch, über welchen Mechanismus eine Bestrahlung von Blut mit gebündeltem rotem Licht – also rotem Laser – die Gesundheit verbessern soll. Unklar ist auch, über welchen Mechanismus eine Bestrahlung von Blut mit gebündeltem rotem Licht – also rotem Laser – die Gesundheit verbessern soll. Auch wenn die Autorinnen und Autoren der drei gefundenen Studien [1-3] behaupten, eine klare Wirksamkeit der Hämolaser-Behandlung festgestellt zu haben – keine der drei Studien eignet sich, dies tatsächlich zu belegen.",unknown,"Es gibt keinen wissenschaftlichen Nachweis dafür, dass eine Hämolaser-Behandlung eine lindernde oder heilende Wirkung bei Gesundheitsproblemen hat."
17,Bekommt man im Alltag beim Atmen mit FFP2-Maske oder gewöhnlichem Mund-Nasen-Schutz genauso viel Sauerstoff wie ohne Maske?,"So viel Sauerstoff wie ohne Maske  Diese Befürchtung ist jedoch unbegründet, wie bisher durchgeführte Studien zeigen [ 1,2 ]. Lediglich bei sehr anstrengendem Sport (schnellem Radfahren bis zur Erschöpfung) war der Sauerstoffgehalt im Blut mit FFP2-Maske etwas niedriger als ohne Maske. Mit gewöhnlichem Mund-Nasenschutz zeigte sich kein Unterschied bei der Sauerstoff-Messung. Atmung etwas anstrengender  Die Ergebnisse widersprechen somit dem Gerücht, wonach Masken einen Sauerstoffmangel verursachen würden.",yes,"Auch wenn sich das Atmen mit Maske unangenehm anfühlen kann: Bisherigen Studien zufolge bekommt man mit FFP2-Maske oder Mund-Nasen-Schutz genauso viel Sauerstoff wie ohne Maske. Das gilt auch dann, wenn man sich bewegt oder anstrengt. Nur bei sehr intensivem Sport verringert sich der Sauerstoffgehalt im Blut geringfügig – jedoch zu wenig, um die Gesundheit zu gefährden."
18,Kann CBD bei Regelschmerzen helfen?,"Denn trotz Suche in drei verschiedenen Datenbanken konnten wir keine einzige Studie zu CBD bei Regelschmerzen finden. Dabei ist wissenschaftlich gar nicht ausreichend erforscht, ob CBD tatsächlich den Schlaf fördert, wie Anbieter behaupten. Die Studien im Detail   Wir konnten keine Studien finden, die untersucht haben, ob CBD bei Regelschmerzen helfen kann – weder zur Behandlung noch zur Vorbeugung.",unknown,"Ob CBD Regelschmerzen lindern kann, wurde wissenschaftlich offenbar nie untersucht. Wir konnten keine Studien dazu finden. Frauen, die unter starken Regelschmerzen leiden, sollten mit einer Frauenärztin oder einem Frauenarzt darüber sprechen. Erkrankungen wie die Endometriose könnten dahinterstecken."
19,Kann ein Bioresonanz-Gerät wie „Bioscan“ oder „Vieva Vital Analyser“ einen Mangel an Mineralstoffen und Vitaminen messen oder Gesundheitsprobleme feststellen?,"Dieses Experiment zeigt deutlich, dass die untersuchten Geräte komplett ungeeignet sind, um einen Mangel an Vitaminen oder Mineralstoffen zu diagnostizieren. Verurteilt wegen Betrugs  Ende Mai 2022 kam auch ein deutsches Gericht zu dem Schluss, dass das Bioscan-Gerät die beworbenen Behauptungen nicht erfüllen kann. Ebenso unplausibel sind Behauptungen für vergleichbare Produkte. Selbst wenn 1000 Probandinnen und Probanden an der Studie teilgenommen hätten und sich nur bei fünf bis sechs Personen derart unzuverlässige Messwerte gezeigt hätten, wäre ein solches Gerät zur Diagnostik wertlos.",no,"Ein Experiment zeigt, dass die Geräte nicht zwischen Gesunden, schwer Erkrankten und einer Leiche unterscheiden können. Auch die behauptete Wirkungsweise hinter der Messmethode ist wissenschaftlich nicht plausibel. Ein deutsches Gericht hat die Hersteller des Bioscan-Geräts (nicht rechtskräftig) wegen Betrugs verurteilt."
20,Hilft Arthroskopie (Gelenksspiegelung) bei Arthrose des Kniegelenks?,"Was vielleicht logisch klingt, hat aber einen Haken: Den Behandelten bringt die Arthroskopie bei Arthrose nichts. Studien sprechen eindeutig gegen einen Nutzen  Ein Forschungsteam fasste darin die aussagekräftigsten aller bisher veröffentlichten Studien zu Arthroskopie bei Knie-Arthrose zusammen. In diesen Studien hatten Behandelte nach einer Arthroskopie nicht merklich weniger Schmerzen oder Bewegungseinschränkungen als Personen, die nur zum Schein oder gar nicht behandelt wurden. Arthroskopie gegen Arthrose: nicht wirksam, aber auch nicht sehr riskant  Immerhin: Auch unerwünschte Ereignisse waren in den Arthroskopie-Gruppen nicht auffällig häufig zu beobachten.",no,Die Datenlage ist eindeutig: Als Behandlung bei Knie-Arthrose ist die Arthroskopie nutzlos. Sie kann langfristig weder Schmerzen lindern noch die Funktion des Kniegelenks verbessern.
21,Haben Nahrungsergänzungsmittel mit Silizium (z.B. als „organisches Silizium“ oder Kieselsäure) gesundheitliche Vorteile?,"Bisher ist auch völlig unklar, welche Rolle das Element Silizium im menschlichen Körper überhaupt spielt [8] . Wir haben recherchiert: Bisherige Studien liefern keine Hinweise darauf, dass Nahrungsergänzungsmittel mit Silizium den Knochenaufbau unterstützen und so etwa ältere Frauen vor Osteoporose und Knochenbrüchen im Alter schützen [1,2] . Es gibt keine Hinweise darauf, dass Silizium die Haarstruktur verbessert [3,4] , die Fingernägel stärkt [4] oder die Haut schöner und elastischer macht [4,6,7] . Auch dass Silizium die Bildung von Kollagen und Bindegewebe unterstützt ist lediglich eine Mutmaßung [8] . Mutmaßungen ohne Studien  Auch zu weiteren vermeintlichen Gesundheitsvorteilen von Silizium konnten weder wir noch die Europäische Lebensmittel-Sicherheitsbehörde EFSA [8] klinische Studien finden.",unknown,"Es gibt bisher keinen Hinweis darauf, dass die zusätzliche Einnahme von Silizium die Gesundheit fördern kann. Auch dass es Nägel, Haut und Haare stärkt, ist eine unbelegte Behauptung. Zudem ist unklar, ob Silizium im Körper überhaupt eine Rolle spielt."
22,Kann die regelmäßige Einnahme von Cranberry-Saft oder Cranberry-Extrakt immer wiederkehrende Blasenentzündungen bei Frauen vorbeugen?,"Die zusammengefassten Ergebnisse zeigen: Die regelmäßige Einnahme von Cranberry-Produkten könnte eine vorbeugende Wirkung haben. Hinweise darauf, dass Cranberry-Produkte Blasenentzündungen vorbeugen können, gibt es außerdem nur für ansonsten gesunde Frauen. Insgesamt gibt es zwar Hinweise auf eine mögliche vorbeugende Wirkung von Cranberrys.",yes,"Frauen, die immer wieder mit Blasenentzündungen zu tun haben, könnten etwas weniger häufig erkranken, wenn sie regelmäßig Cranberry-Saft oder -Extrakt einnehmen. Gut abgesichert ist das jedoch nicht. Und sie gilt nur für unkompliziert verlaufende Blasenentzündungen bei ansonsten gesunden Frauen. Ob Cranberry-Produkte helfen, wenn die Blasenentzündung schon da ist, bleibt unklar. Das wurde bisher nicht in aussagekräftigen Studien untersucht."
23,"Werden Frauen, die immer wieder Blasenentzündungen haben diese schneller wieder los, wenn sie Cranberry-Produkte erst einnehmen, wenn die Erkrankung schon da ist??","Hinweise darauf, dass Cranberry-Produkte Blasenentzündungen vorbeugen können, gibt es außerdem nur für ansonsten gesunde Frauen. Es scheint jedoch keine aussagekräftigen Studien zu geben, die das bei Frauen mit immer wiederkehrenden Blasenentzündungen untersucht haben. Die vorbeugende Wirkung von Cranberry bei Kindern, Männern und Menschen mit Harnkathetern oder bestimmten Erkrankungen hat die Übersichtsarbeit nicht untersucht.",unknown,"Frauen, die immer wieder mit Blasenentzündungen zu tun haben, könnten etwas weniger häufig erkranken, wenn sie regelmäßig Cranberry-Saft oder -Extrakt einnehmen. Gut abgesichert ist das jedoch nicht. Und sie gilt nur für unkompliziert verlaufende Blasenentzündungen bei ansonsten gesunden Frauen. Ob Cranberry-Produkte helfen, wenn die Blasenentzündung schon da ist, bleibt unklar. Das wurde bisher nicht in aussagekräftigen Studien untersucht."
24,Kann Extrakt aus dem Johanniskraut die Beschwerden einer Depression lindern? Ist es ähnlich wirksam wie Medikamente gegen Depression (Antidepressiva)?,"Bei leichter bis mittelschwerer Depression wirken Johanniskraut-Präparate wahrscheinlich besser als ein Placebo. Johanniskraut-Präparate wirken dabei wahrscheinlich ähnlich gut wie Antidepressiva. Johanniskraut und Antidepressiva können die Beschwerden zwar lindern, die Depression endgültig heilen können beide Mittel allerdings vermutlich nicht. Johanniskraut und Antidepressiva können die Beschwerden zwar lindern, die Depression endgültig heilen können beide Mittel allerdings vermutlich nicht.",yes,Johanniskraut kann die Symptome einer leichten bis mittelschweren Depression wahrscheinlich besser lindern als ein Scheinpräparat (Placebo). Es scheint auch ähnlich wirksam zu sein wie zugelassene Medikamente gegen Depression (Antidepressiva). Die Johanniskraut-Präparate werden im Allgemeinen besser vertragen als Antidepressiva.
25,"Stärkt das Armband von Zisano das Immunsystem, erhöht es die Ausdauer und Leistungsfähigkeit oder verringert es Müdigkeit?","Ob solche Armbänder einen Effekt haben, ob sie beispielsweise tatsächlich die körperliche Leistung steigern oder das Immunsystem stärken können, wurde offenbar nie untersucht. Armbänder für mehr Leistung: Studien zeigen Wirkungslosigkeit  Alle fünf Studien kamen zu demselben Ergebnis: Die Armbänder hatten keine Auswirkung auf die Leistungsfähigkeit oder das Wohlbefinden der Versuchspersonen. Eine wissenschaftlich plausible Erklärung, wie genau solche Armbänder ihre Wirkung entfalten sollen, bleiben deren Anbieter schuldig. Die Studien im Detail   Wir konnten keine Studien zum Zisano-Armband oder vergleichbaren Armbändern mit Silizium-Chip finden.",unknown,"Die versprochenen positiven Effekte des „Powerband“-Armbandes auf die Gesundheit und das Wohlbefinden wurden wissenschaftlich offenbar nicht untersucht. Wir konnten keine Studien dazu finden. Auch wie das Armband konkret wirken soll, ist unklar. Eine wissenschaftlich plausible Erklärung dafür fehlt."
26,"Verbessert die Mikroimmuntherapie Beschwerden bei Allergien, Krebs, Gelenksentzündungen, Autoimmunkrankheiten, Demenz oder verschiedenen Virus-Infektionen?","Aussagekräftig ist keine dieser Studien – denn sie sind mangelhaft durchgeführt und die veröffentlichten Daten sind unvollständig. Hinweise auf einen Nutzen der Mikroimmuntherapie können sie keine geben. Berechtigte Zweifel  Da Mikroimmuntherapie-Präparate alshomöopathische Mittel sehr stark verdünnt sind, haben wir grundlegende Zweifel an der Methode.",unknown,"Studien scheint es bisher nur zu Mikroimmuntherapie gegen Heuschnupfen und Krebs zu geben. Ihre Aussagekraft ist viel zu gering, um auf eine Wirksamkeit der Therapie schließen zu können. Zu anderen Gesundheitsproblemen fanden wir keine Studien. Einen belegten Nutzen der Mikroimmuntherapie gibt es also für keine einzige Erkrankung."
27,Kann Ginkgo-Extrakt die geistige Leistung von Demenzkranken verbessern?,"Demenz-Betroffene, die Ginkgo-Extrakt einnahmen, schienen bei Denk-, Gedächtnis- und Konzentrationsaufgaben oft besser abzuschneiden als jene, die Placebo-Präparate ohne Wirkstoff schluckten [1,3] . Die Studien weisen zwar darauf hin, dass Ginkgo-Extrakt Demenz-Betroffenen helfen kann, doch die Aussagekraft der einzelnen Studien ist eingeschränkt.",yes,"Bisherige Studien deuten darauf hin, dass Ginkgo-Extrakt die geistige Leistung bei Demenz verbessern kann – das ist jedoch nicht gut abgesichert. Wie groß dieser Effekt ist, lässt sich nicht genau sagen."
28,Verbessert Zirbenholz den Schlaf?,"Es gibt also keinen Hinweis, dass das Holz der Zirbe den Schlaf verbessert. Welche Bedeutung diese Labor-Messwerte für den Schlaf der Teilnehmenden haben, ist unklar – auch wenn die Forschenden sie als positive Auswirkungen des Zirbenbetts interpretieren. Ob ein Zirbenbett tatsächlich den Schlaf verbessert, müssten in Zukunft strenger nach wissenschaftlichen Kriterien durchgeführte Studien an deutlich mehr Testpersonen untersuchen.Die Studien im Detail   [1,2] Grote u.a.",unknown,Diese Fragestellung hat bisher nur eine einzige kleine Studie untersucht. Deren Ergebnisse sind jedoch aufgrund zahlreicher Mängel bei der Studiendurchführung ohne Aussagekraft.
29,Verringern Nahrungsergänzungsmittel mit Spermidin oder eine Spermidin-reiche Ernährung das Risiko für Alzheimer und andere Formen von Demenz? Helfen sie bei bereits vorhandener Demenz?,"Studien zu Spermidin: nicht genug als Wirksamkeits-Beleg  Selbst wenn beide Studien zu überwältigend positiven Ergebnissen gekommen wären, hätten wir dennoch Bedenken zu ihrer Aussagekraft. Wie und ob zusätzlich über die Nahrung aufgenommenes Spermidin wirkt, ist wissenschaftlich derzeit nicht ausreichend erforscht. Die Teilnehmenden-Anzahl ist gering und das Risiko ist hoch, dass die Ergebnisse nicht auf die Realität umlegbar sind. Wir schätzen die Studie als nicht aussagekräftig ein. Ergebnisse: Sowohl die Spermidin-Gruppe als auch die Vergleichsgruppe hatten am Ende der Studie weniger Demenz-Symptome und eine bessere geistige Leistungsfähigkeit.",unknown,"Hersteller von Spermidin-Mitteln werben mit einer angeblichen positiven Wirkung auf die geistige Leistungsfähigkeit und Schutz vor Demenz. Eine solche Wirkung wurde allerdings nicht in aussagekräftigen Studien nachgewiesen. Wir fanden eine einzige Studie, an der Demenz-Patientinnen und -Patienten teilgenommen hatten. Ihre Ergebnisse sind allerdings wenig eindeutig."
30,Verbessern Präparate aus Grünlippmuschel die Beschwerden bei rheumatoider Arthritis?,"Für uns ist diese Behauptung deshalb wenig glaubwürdig. Ob Grünlippmuschel bei Rheuma hilft oder nicht, lässt sich daher im Moment nicht sicher sagen. Ob sich die Ergebnisse auf andere Produkte oder andere Dosierungen übertragen lassen, ist unklar. Die Studien sind allesamt nach heutigem Standard schlecht gemacht: So ist es unklar, wie verlässlich die Messungen des Behandlungserfolgs sind. Ob Rheuma-Patientinnen und -Patienten dann noch von Grünlippmuschel-Präparaten profitieren würden, bleibt unklar.",unknown,Fünf kleine Studien liefern insgesamt keine Hinweise auf einen Nutzen der Grünlippmuschel bei Rheuma. Die Rheuma-Behandlung der Teilnehmenden entspricht jedoch nicht den heutigen Standards und die Studien waren sehr mangelhaft durchgeführt. Deshalb können wir aus diesen Studien keine verlässlichen Schlüsse ziehen.
31,"Verringert die Covid-Impfung die Wahrscheinlichkeit, im Fall einer Corona-Infektion langanhaltende Beschwerden (Long Covid) zu bekommen?","Long-Covid-Risiko mit Impfung geringer  Zwei Studien [1,2] deuten darauf hin, dass das Long-Covid-Risiko geringer sein dürfte, wenn man zweimal geimpft ist:  In einer dieser Studien mit Corona-Infizierten [1] gaben zweifach Geimpfte im Vergleich zu Nicht-Geimpften um 40 bis 50 Prozent seltener an, von Long Covid betroffen zu sein. Ergebnisse Zweifach Geimpfte gaben nur etwa halb so häufig an, von Long-Covid-Symptomen betroffen zu sein wie Nicht-Geimpfte.",yes,"Infizieren sich zweifach Geimpfte, ist ihr Risiko später von Long Covid betroffen zu sein möglicherweise nur halb so groß wie das von Nicht-Geimpften. Da es keine klare Definition von Long Covid gibt, lässt sich der Schutzeffekt nicht genau beziffern."
32,"Kann die vorbeugende Einnahme von Lysin Fieberblasen (Lippenherpes) und Genitalherpes verhindern? Kann Lysin helfen, wenn die Bläschen schon da sind?","Sie können weder beantworten, ob vorbeugend eingenommenes Lysin Herpes verhindern kann, noch ob es hilft, wenn die Bläschen schon da sind. Das Lysin schien also keinen Effekt zu haben. Wirkt eine höhere Dosis Lysin besser als eine niedrigere Dosis? Ergebnisse Insgesamt hatten die Teilnehmenden nicht weniger oft Herpes, egal ob sie hochdosiertes Lysin, niedrigdosiertes Lysin oder ein Placebo einnahmen. Ergebnisse Die Ergebnisse sind uneindeutig und lassen keine sicheren Schlüsse zu: Sowohl die Teilnehmenden der Lysin-Gruppe als auch jene der Placebo-Gruppe hatten nach 6 Monaten weniger häufig Lippenherpes.",unknown,"Die Forschung kommt zu uneindeutigen und widersprüchlichen Ergebnissen. Sämtliche verfügbaren Studien sind klein und von unklarer Qualität. Wir könne nicht sagen, ob Lysin vor Herpes schützt oder diesen lindern kann."
33,Beeinträchtigen hormonelle Verhütungsmittel zum Schlucken (die „Pille“) die Ausdauerleistung von Frauen?,"Das Fazit der Arbeit: Frauen, die die Pille einnehmen, könnten tatsächlich einen geringfügigen Nachteil beim Sport haben. Konkret können Frauen mit Pille während des Trainings möglicherweise weniger Sauerstoff aufnehmen und sind dadurch schneller außer Atem. Möglicherweise eine etwas geringere Leistungsfähigkeit durch die Pille – zu diesem Schluss kam auch eine weitere aktuelle Übersichtsarbeit [2] .",yes,"Die Einnahme der Pille könnte Ausdauerleistung beim Sport möglicherweise etwas beeinträchtigen. Hinweise auf weniger Muskelkraft durch die Pille gibt es aber keine. Diese - etwas widersprüchlichen - Erkenntnisse sind allerdings alles andere als sicher. Ob die etwas verringerte Ausdauerleistung gegen eine Verhütung mit der Pille spricht, muss wohl jede Sportlerin für sich selbst entscheiden – je nachdem wie wichtig sportliche Bestleistung für sie ist."
34,Beeinträchtigt die Pille die Muskelkraft von Frauen??,Hat die Pille auch Auswirkungen auf die Muskelkraft? Auf einen solchen Effekt liefern die verfügbaren Studien keine Hinweise.,no,"Die Einnahme der Pille könnte Ausdauerleistung beim Sport möglicherweise etwas beeinträchtigen. Hinweise auf weniger Muskelkraft durch die Pille gibt es aber keine. Diese - etwas widersprüchlichen - Erkenntnisse sind allerdings alles andere als sicher. Ob die etwas verringerte Ausdauerleistung gegen eine Verhütung mit der Pille spricht, muss wohl jede Sportlerin für sich selbst entscheiden – je nachdem wie wichtig sportliche Bestleistung für sie ist."
35,Verbessert eine Ganzkörper-Kryotherapie in der Kältekammer die Gesundheit?,"Darüber hinaus können sie nicht sicherstellen, dass angebliche Verbesserungen wirklich auf die Kältekammer zurückzuführen sind. Anhand dieser Daten ist es unmöglich zu beurteilen, ob eine Ganzkörper-Kältetherapie bei unterschiedlichen Gesundheitsproblemen wirksam und sinnvoll ist. Die Wirksamkeit der Kältekammer-Behandlung kann jedoch keine der Studien beweisen, denn allen mangelt es an Aussagekraft.",unknown,"Bisher veröffentlichte Studien sind von geringer Qualität und daher nicht aussagekräftig. Weder für körperliche noch für psychische Beschwerden ist die Wirksamkeit der Kältekammer belegt. Auch im Sport gibt es keine Belege für eine Wirksamkeit, etwa bei Muskelkater oder für eine erhoffte Steigerung der sportlichen Leistung."
36,Verbessert die transkranielle Pulsstimulation (TPS) die geistige Leistungsfähigkeit von Menschen mit Alzheimer-Demenz? Kann die Behandlung die Lebensqualität von Betroffenen erhöhen?,"Wir halten die Studienergebnisse deshalb für nicht aussagekräftig. Transkranielle Pulsstimulation: als Alzheimer-Therapie nicht anerkannt  Auch wenn Anbieter der transkraniellen Pulsstimulation anderes behaupten: Als Therapie ist die Behandlung mit Ultraschall bei Demenz weder erforscht noch anerkannt. Denn es gibt derzeit keine Studien, die belegen können, dass sie Menschen mit Demenz kurzfristig oder anhaltend helfen kann. Keine der Studien kann beantworten, ob die transkranielle Pulsstimulation oder ähnliche Verfahren Menschen mit Demenz hilft.",unknown,"Ob die transkranielle Pulsstimulation Menschen mit Alzheimer-Demenz helfen kann, wurde bisher nicht in aussagekräftigen Studien untersucht. Auch mögliche schädliche Auswirkungen sind unzureichend erforscht."
37,Kann die Low-Level-Lasertherapie Schmerzen bei Knie- oder Hüft-Arthrose reduzieren?,"Dem Forschungsteam hinter der Übersichtsarbeit zufolge ist die Studienlage zur Low-Level-Lasertherapie bei Kniearthrosen nicht ausreichend, um die Wirksamkeit zu bestätigen oder auszuschließen. Das war nicht der Fall, die Laserbehandlung konnte die Schmerzen nicht besser lindern als die Placebo-Behandlung.",unknown,"In der Schmerzbehandlung von Handgelenks-Arthrose ist eher von keiner Wirksamkeit auszugehen – darauf deuten die Ergebnisse einer kleinen, aber gut gemachten Studie hin. Forschungsergebnisse zu Knie-Arthrose sind widersprüchlich und daher wenig aussagekräftig. Zu Hüft-Arthrose haben wir keine verlässlichen Studien gefunden."
38,Kann die Low-Level-Lasertherapie Schmerzen bei Handgelenks-Arthrose reduzieren??,"Zur Handgelenks-Arthrose gibt es eine gut gemachte Studie: Sie zeigte keinen Unterschied in der Wirksamkeit zwischen der Low-Level-Lasertherapie und einer Placebo-Behandlung. Das war nicht der Fall, die Laserbehandlung konnte die Schmerzen nicht besser lindern als die Placebo-Behandlung.",no,"In der Schmerzbehandlung von Handgelenks-Arthrose ist eher von keiner Wirksamkeit auszugehen – darauf deuten die Ergebnisse einer kleinen, aber gut gemachten Studie hin. Forschungsergebnisse zu Knie-Arthrose sind widersprüchlich und daher wenig aussagekräftig. Zu Hüft-Arthrose haben wir keine verlässlichen Studien gefunden."
39,"Hat die Blutgruppe Einfluss auf die Wahrscheinlichkeit, dass eine Covid-19-Erkrankung einen schweren Verlauf nimmt oder zum Tod führt?","Hier scheinen die gefundenen Ergebnisse im Widerspruch zum Einfluss der Blutgruppe auf die Sterbewahrscheinlichkeit zu stehen: Die Forschenden fanden keinen Zusammenhang zwischen bestimmten Blutgruppen und der Schwere der Erkrankung. Insgesamt sind die vorhandenen Daten nicht aussagekräftig genug, um einen Zusammenhang zwischen der Blutgruppe und dem Verlauf einer Covid-19-Erkrankung zu belegen oder auszuschließen. Sicher ist, dass niemand aufgrund ihrer oder seiner Blutgruppe vor einem schweren Covid-19-Verlauf geschützt ist. Kein Hinweis auf schweren Verlauf bei bestimmten Blutgruppen  Die Forschenden fanden keinen Hinweis darauf, dass im Fall einer Covid-19-Erkrankung Personen mit einer bestimmten Blutgruppe öfter im Spital oder auf der Intensivstation behandelt werden müssen.",unknown,"Es gibt keine verlässlichen Hinweise darauf, dass Menschen mit einer bestimmten Blutgruppe schwerer an Covid-19 erkranken als mit einer anderen. Studienergebnisse dazu sind schlecht abgesichert und teilweise widersprüchlich."
40,"Schützen Mundspülungen mit Hydroxylapatit, zum Beispiel die Produkte „Linola sept Mundspülung“ und „Karex Abwehr“, vor einer SARS-CoV-2-Infektion?","Bei unserer Suche in drei verschiedenen wissenschaftlichen Datenbanken fanden wir keine Studien, die die vermeintliche Anti-Coronavirus-Wirkung der Mundspülungen „Linola sept“ und „Karex Abwehr“ untersucht haben. Ob die Patientinnen und Patienten deshalb schneller gesund wurden, ist jedoch fraglich, das wurde nicht untersucht. Für die Behauptung, Mundspülungen mit Hydroxylapatit könnten Corona-Infektionen vermeiden, gibt es also keine wissenschaftlichen Anhaltspunkte. Unser Fazit: Wissenschaftliche Hinweise auf eine Wirkung von Mundspülungen gegen Corona-Infektionen fehlen. Wir konnten auch keine Studien finden, die untersucht haben, ob Covid-19-Patientinnen und -Patienten schneller wieder gesund werden, wenn sie mit Hydroxylapatit-Lösungen gurgeln.",unknown,Es gibt keine Studien zur Anti-Corona-Wirkung von Hydroxylapatit-haltigen Mundspülungen wie „Linola sept“ oder „Karex Abwehr“. Wir fanden weder Studien zu den Produkten selbst noch zum angeblichen Wirkstoff Hydroxylapatit. Plausibel ist der behauptete Wirkmechanismus nicht.
41,Lindert CBD (Cannabidiol) die Beschwerden bei einer leichten bis moderaten Covid-19-Erkrankung?,"Wir können zwar nicht mit absoluter Sicherheit sagen, dass CBD bei Covid-19 wirkungslos ist, wir halten das aber für einigermaßen wahrscheinlich. Zudem gibt es aus anderen Studien Hinweise darauf, dass CBD die Infektanfälligkeit möglicherweise sogar erhöhen könnte [4] . Obwohl sie in manchen Medienberichten auftaucht, ist die Meldung schlichtweg falsch, die Forschenden hätten in ihrer Studie eine Anti-Corona-Wirkung von CBD nachgewiesen: Laut dem Forschungsteam hatte CBD in den Versuchen keinen Effekt auf das Coronavirus. Kein Benefit durch CBD  Nach 28 Tagen zog das Studienteam Bilanz: Insgesamt fühlten sich die Teilnehmenden der CBD-Gruppe nicht besser als jene der Placebo-Gruppe.",no,"CBD hat wahrscheinlich keinen Effekt auf die Beschwerden bei einer Covid-19 Erkrankung. Zu diesem Schluss kommt die einzige Studie, die das untersucht hat. Ihre Aussagekraft ist aufgrund der geringen Zahl an Teilnehmenden jedoch etwas eingeschränkt. Nicht erforscht ist ein möglicher vorbeugender Effekt. Es ist unklar, ob CBD oder andere Cannabis-Bestandteile – eingenommen oder geraucht - vor einer Corona-Infektion oder einer Covid-19-Erkrankung schützen."
42,Schützt CBD oder der Konsum von Cannabis vor einer Covid-19 Erkrankung??,"Keine Studien zu CBD als Covid-Schutz  Ob die regelmäßige Einnahme von CBD einer Covid-19 Erkrankung vorbeugen kann, können wir nicht beantworten, das wurde bisher offenbar nicht untersucht. Obwohl sie in manchen Medienberichten auftaucht, ist die Meldung schlichtweg falsch, die Forschenden hätten in ihrer Studie eine Anti-Corona-Wirkung von CBD nachgewiesen: Laut dem Forschungsteam hatte CBD in den Versuchen keinen Effekt auf das Coronavirus. Auch ob die regelmäßige Einnahme von Cannabinoiden wie CBD einer Covid-19-Erkrankung vorbeugen kann, wurde offenbar nicht untersucht.",unknown,"CBD hat wahrscheinlich keinen Effekt auf die Beschwerden bei einer Covid-19 Erkrankung. Zu diesem Schluss kommt die einzige Studie, die das untersucht hat. Ihre Aussagekraft ist aufgrund der geringen Zahl an Teilnehmenden jedoch etwas eingeschränkt. Nicht erforscht ist ein möglicher vorbeugender Effekt. Es ist unklar, ob CBD oder andere Cannabis-Bestandteile – eingenommen oder geraucht - vor einer Corona-Infektion oder einer Covid-19-Erkrankung schützen."
43,Erhöhen Beruhigungs- und Schlafmittel wie Benzodiazepine und verwandte Substanzen das Risiko für Alzheimer oder andere Formen von Demenz?,"Eindeutig zerstreuen lässt sich der Verdacht dadurch jedoch nicht, dass Benzodiazepine und ähnliche Substanzen die Entstehung von Demenz fördern könnten.",unknown,"Ein Zusammenhang zwischen der langfristigen Einnahme von Beruhigungs- und Schlafmitteln und der Entstehung von Demenz lässt sich nicht ausschließen. Ob die Medikamente jedoch die Ursache für die Demenz sind, ist unklar. Genauso ist es möglich, dass Studien nur deshalb einen Zusammenhang zeigen, weil Menschen im unerkannten Frühstadium einer Demenz häufiger an Schlafstörungen oder Unruhe leiden und deshalb öfter Medikamente dagegen einnehmen."
44,"Verringert die Einnahme von mehrfach ungesättigten Fettsäuren, wie etwa Omega-3 und Omega-6, die Symptome von ADHS bei Kindern?","Insgesamt scheinen die Präparate Kinder mit ADHS nicht ruhiger und konzentrierter zu machen. Egal ob Omega-Fettsäuren-Präparate oder Placebo, alle Kinder zeigten ähnlich starke ADHS-Symptome. Bei genauer Betrachtung zeigt sich: Die am besten durchgeführten, verblindeten Studien zeigen keinen oder sogar einen negativen Effekt der Omega-Fettsäuren-Präparate auf das Verhalten der teilnehmenden Kinder.",no,"Bisherige Studien deuten an, dass Präparate mit mehrfach ungesättigten Fettsäuren (zum Beispiel Omega-3- und Omega-6-Fettsäuren) eher keinen merklichen Einfluss auf das Aufmerksamkeitsdefizit-Hyperaktivitäts-Syndrom (ADHS) haben. Die Qualität der Studien reicht jedoch nicht aus, um definitive Antworten zu liefern."
45,Lindern Infusionen mit Vitamin C die Beschwerden bei chronischer Erschöpfung (Fatigue) oder Long Covid?,"Auch ob Menschen mit Long Covid von Vitamin-C-Infusionen profitieren, ist unklar. Da die Entstehungsmechanismen sowohl vom chronischen Erschöpfungssyndrom als auch von Long Covid unklar sind, können Studien mit Krebspatientinnen und -patienten oder gesunden Teilnehmenden keine Antworten auf die Frage liefern, ob Vitamin C Menschen mit chronischem Erschöpfungssyndrom oder Long Covid helfen können.",unknown,"Ob Vitamin-C-Infusionen bei chronischer Erschöpfung (Chronisches Fatigue Syndrom, CFS) helfen, ist fraglich. Wissenschaftlich untersucht wurde das bisher nicht. Auch zu Vitamin C und die im Rahmen von Long Covid auftretende Erschöpfung konnten wir keine einzige Studie finden."
46,Verkürzt die Einnahme von Probiotika die Dauer von akutem infektiösem Durchfall?,"Demnach hat zumindest bei Kindern die Einnahme von lebenden Probiotika wahrscheinlich keinen Einfluss darauf, ob diese nach 48 Stunden noch krank sind. Demnach hat ein Probiotikum offenbar keinen klaren Einfluss auf das Abklingen der Erkrankung.",no,Laut aktueller Studienlage lässt sich die Krankheitsdauer durch die Einnahme von Probiotika nicht reduzieren. Diese Einschätzung ist einigermaßen gut abgesichert.
47,Bremst hoch dosiertes Vitamin D den Krankheitsverlauf bei Multipler Sklerose (MS)?,"Studien zu Vitamin D bei MS  Wir haben uns deshalb auf die Suche nach aussagekräftigen Studien zur Hochdosis-Behandlung mit Vitamin D bei Multipler Sklerose gemacht. Derzeit können wir also nicht sicher sagen, ob hoch dosiertes Vitamin D bei MS tatsächlich Vorteile bringt. Die bisherigen Daten sprechen allerdings dafür, dass eine Wirkung, falls überhaupt vorhanden, eher klein wäre.",unknown,"Wir können weder eindeutig ausschließen noch bestätigen, dass es einen Effekt gibt. In insgesamt 15 Studien ließ sich für hoch dosiertes Vitamin D bei Erwachsenen mit multipler Sklerose kein Nutzen nachweisen. Weil die Studien viele Schwächen hatten, können wir daraus keine Schlussfolgerungen zu positiven oder negativen Effekten ziehen."
48,Stärkt die Einnahme von Taigawurzel-Extrakt das Immunsystem? Kann sie Impfungen wirksamer oder verträglicher machen?,"Taigawurzel und Immunabwehr: Aussagekräftige Studien fehlen  Bei unserer umfangreichen Recherche haben wir keine Studien gefunden, die eine Immunsystem-stärkende Wirkung der Taigawurzel belegen können. Taigawurzel und Immunabwehr: Aussagekräftige Studien fehlen  Bei unserer umfangreichen Recherche haben wir keine Studien gefunden, die eine Immunsystem-stärkende Wirkung der Taigawurzel belegen können. Für verlässliche Ergebnisse waren die Studien jedoch zu klein und zu mangelhaft durchgeführt. Ob die Einnahme von Taigawurzel-Extrakt gar Impfungen wirksamer machen könnte, dazu geben die beiden verfügbaren Studien ebenfalls keine Auskunft.",unknown,Die angebliche Immunabwehr-stärkenden Wirkung der Taigawurzel (auch Sibirischer Ginseng genannt) wurde offenbar nie in geeigneten Studien untersucht. Auch die von Nahrungsergänzungsmittel-Herstellern behauptete positive Wirkung nach Impfungen ist nicht belegt.
49,"Kann eine Ozontherapie, bei der Eigenblut mit Ozon behandelt und zurückgeführt wird, den Verlauf einer COVID-19-Erkrankung günstig beeinflussen?","Sie finden keine Unterschiede zwischen einer Standardbehandlung und einer zusätzlichen Ozontherapie – weder was das Fortschreiten der Covid-19-Erkrankung noch das Sterberisiko angeht. Ein Vorteil für die Ozontherapie ergab sich dabei nicht, für keinen der Vergleiche zeigte sich ein klarer Unterschied: weder für das Risiko, an Covid-19 zu versterben, noch für den Krankheitsverlauf [5] . Somit wurde auch hier nicht der alleinige Effekt von Eigenblut-Ozontherapie erhoben.",unknown,Die wenigen Studien dazu haben grobe Mängel und sind daher nicht aussagekräftig. Ihre Ergebnisse geben keine Hinweise auf eine Wirksamkeit der Ozontherapie.
